Alabama Crimson;
Alice blue;
Alizarin crimson;
Alloy orange;
Almond;
Amaranth;
Amber;
American rose;
Amethyst;
Android Green;
Anti-flash white;
Antique brass;
Antique fuchsia;
Antique ruby;
Antique white;
Apple green;
Apricot;
Aqua;
Aquamarine;
Army green;
Arsenic;
Arylide yellow;
Ash grey;
Asparagus;
Atomic tangerine;
Auburn;
Aureolin;
AuroMetalSaurus;
Avocado;
Azure;
Baby blue;
Baby blue eyes;
Baby pink;
Ball Blue;
Banana Mania;
Banana yellow;
Barn red;
Battleship grey;
Bazaar;
Beau blue;
Beaver;
Beige;
Big dip o’ruby;
Bisque;
Bistre;
Bittersweet;
Bittersweet shimmer;
Black;
Black bean;
Black leather jacket;
Black olive;
Blanched Almond;
Blast-off bronze;
Bleu de France;
Blizzard Blue;
Blond;
Blue Bell;
Blue Gray;
Blue-green;
Blue sapphire;
Blue-violet;
Blush;
Bole;
Bondi blue;
Bone;
Bottle green;
Boysenberry;
Brandeis blue;
Brass;
Brick red;
Bright cerulean;
Bright green;
Bright lavender;
Bright maroon;
Bright pink;
Bright turquoise;
Bright Tuscan red;
Bright ube;
Brilliant lavender;
Brilliant rose;
Brink pink;
British racing green;
Bronze;
Brown;
Bubble gum;
Bubbles;
Buff;
Bulgarian rose;
Burgundy;
Burlywood;
Burnt orange;
Burnt sienna;
Burnt umber;
Byzantine;
Byzantium;
Cadet;
Cadet blue;
Cadet grey;
Cadmium green;
Cadmium orange;
Cadmium red;
Cadmium yellow;
Café au lait;
Café noir;
Cal Poly green;
Cambridge Blue;
Camel;
Cameo pink;
Camouflage green;
Canary yellow;
Candy apple red;
Candy pink;
Capri;
Caput mortuum;
Cardinal;
Caribbean green;
Carmine;
Carmine (M&P);
Carmine pink;
Carmine red;
Carnation pink;
Carnelian;
Carolina blue;
Carrot orange;
Catalina blue;
Ceil;
Celadon;
Celadon Blue;
Celadon Green;
Celestial blue;
Cerise;
Cerise pink;
Cerulean;
Cerulean blue;
Cerulean frost;
CG Blue;
CG Red;
Chamoisee;
Champagne;
Charcoal;
Charm pink;
Chartreuse;
Cherry;
Cherry blossom pink;
Chestnut;
China pink;
China rose;
Chinese red;
Chocolate;
Chrome yellow;
Cinereous;
Cinnabar;
Cinnamon;
Citrine;
Classic rose;
Cobalt;
Cocoa brown;
Coffee;
Columbia blue;
Congo pink;
Cool black;
Cool grey;
Copper;
Copper penny;
Copper red;
Copper rose;
Coquelicot;
Coral;
Coral pink;
Coral red;
Cordovan;
Corn;
Cornell Red;
Cornflower blue;
Cornsilk;
Cosmic latte;
Cotton candy;
Cream;
Crimson;
Crimson glory;
Cyan;
Daffodil;
Dandelion;
Dark blue;
Dark brown;
Dark byzantium;
Dark candy apple red;
Dark cerulean;
Dark chestnut;
Dark coral;
Dark cyan;
Dark electric blue;
Dark goldenrod;
Dark gray;
Dark green;
Dark imperial blue;
Dark jungle green;
Dark khaki;
Dark lava;
Dark lavender;
Dark magenta;
Dark midnight blue;
Dark olive green;
Dark orange;
Dark orchid;
Dark pastel blue;
Dark pastel green;
Dark pastel purple;
Dark pastel red;
Dark pink;
Dark powder blue;
Dark raspberry;
Dark red;
Dark salmon;
Dark scarlet;
Dark sea green;
Dark sienna;
Dark slate blue;
Dark slate gray;
Dark spring green;
Dark tan;
Dark tangerine;
Dark taupe;
Dark terra cotta;
Dark turquoise;
Dark violet;
Dark yellow;
Dartmouth green;
Davy's grey;
Debian red;
Deep carmine;
Deep carmine pink;
Deep carrot orange;
Deep cerise;
Deep champagne;
Deep chestnut;
Deep coffee;
Deep fuchsia;
Deep jungle green;
Deep lilac;
Deep magenta;
Deep peach;
Deep pink;
Deep ruby;
Deep saffron;
Deep sky blue;
Deep Tuscan red;
Denim;
Desert;
Desert sand;
Dim gray;
Dodger blue;
Dogwood rose;
Dollar bill;
Drab;
Duke blue;
Earth yellow;
Ebony;
Ecru;
Eggplant;
Eggshell;
Egyptian blue;
Electric blue;
Electric crimson;
Electric cyan;
Electric green;
Electric indigo;
Electric lavender;
Electric lime;
Electric purple;
Electric ultramarine;
Electric violet;
Electric yellow;
Emerald;
English lavender;
Eton blue;
Fallow;
Falu red;
Fandango;
Fashion fuchsia;
Fawn;
Feldgrau;
Fern green;
Ferrari Red;
Field drab;
Firebrick;
Fire engine red;
Flame;
Flamingo pink;
Flavescent;
Flax;
Floral white;
Fluorescent orange;
Fluorescent pink;
Fluorescent yellow;
Folly;
Forest green;
French beige;
French blue;
French lilac;
French lime;
French raspberry;
French rose;
Fuchsia;
Fuchsia pink;
Fuchsia rose;
Fulvous;
Fuzzy Wuzzy;
Hex triplet;
Red;
Green;
Blue;
Hue;
Satur;
Light;
Satur;
Value;
W3C;
Gainsboro;
Gamboge;
Ghost white;
Ginger;
Glaucous;
Glitter;
Gold;
Golden brown;
Golden poppy;
Golden yellow;
Goldenrod;
Granny Smith Apple;
Gray;
Gray-asparagus;
Green;
Green-yellow;
Grullo;
Guppie green;
Halayà úbe;
Han blue;
Han purple;
Hansa yellow;
Harlequin;
Harvard crimson;
Harvest Gold;
Heart Gold;
Heliotrope;
Hollywood cerise;
Honeydew;
Honolulu Blue;
Hooker's green;
Hot magenta;
Hot pink;
Hunter green;
Iceberg;
Icterine;
Imperial blue;
Inchworm;
India green;
Indian red;
Indian yellow;
Indigo;
International Klein Blue;
International orange;
Iris;
Isabelline;
Islamic green;
Ivory;
Jade;
Jasmine;
Jasper;
Jazzberry jam;
Jet;
Jonquil;
June bud;
Jungle green;
Kelly green;
Kenyan copper;
Khaki;
KU Crimson;
La Salle Green;
Languid lavender;
Lapis lazuli;
Laser Lemon;
Laurel green;
Lava;
Lavender;
Lavender blue;
Lavender blush;
Lavender gray;
Lavender indigo;
Lavender magenta;
Lavender mist;
Lavender pink;
Lavender purple;
Lavender rose;
Lawn green;
Lemon;
Lemon chiffon;
Lemon lime;
Licorice;
Light apricot;
Light blue;
Light brown;
Light carmine pink;
Light coral;
Light cornflower blue;
Light crimson;
Light cyan;
Light fuchsia pink;
Light goldenrod yellow;
Light gray;
Light green;
Light khaki;
Light pastel purple;
Light pink;
Light red ochre;
Light salmon;
Light salmon pink;
Light sea green;
Light sky blue;
Light slate gray;
Light taupe;
Light Thulian pink;
Light yellow;
Lilac;
Lime;
Lime green;
Limerick;
Lincoln green;
Linen;
Lion;
Little boy blue;
Liver;
Lust;
Magenta;
Magic mint;
Magnolia;
Mahogany;
Maize;
Majorelle Blue;
Malachite;
Manatee;
Mango Tango;
Mantis;
Mardi Gras;
Maroon;
Mauve;
Mauve taupe;
Mauvelous;
Maya blue;
Meat brown;
Medium aquamarine;
Medium blue;
Medium candy apple red;
Medium carmine;
Medium champagne;
Medium electric blue;
Medium jungle green;
Medium lavender magenta;
Medium orchid;
Medium Persian blue;
Medium purple;
Medium red-violet;
Medium ruby;
Medium sea green;
Medium slate blue;
Medium spring bud;
Medium spring green;
Medium taupe;
Medium turquoise;
Medium Tuscan red;
Medium vermilion;
Medium violet-red;
Mellow apricot;
Mellow yellow;
Melon;
Midnight blue;
Midnight green;
Mikado yellow;
Mint;
Mint cream;
Mint green;
Misty rose;
Moccasin;
Mode beige;
Moonstone blue;
Mordant red 19;
Moss green;
Mountain Meadow;
Mountbatten pink;
Mulberry;
Munsell;
Mustard;
Myrtle;
Nadeshiko pink;
Napier green;
Naples yellow;
Navajo white;
Navy blue;
Neon Carrot;
Neon fuchsia;
Neon green;
New York pink;
Non-photo blue;
North Texas Green;
Ocean Boat Blue;
Ochre;
Office green;
Old gold;
Old lace;
Old lavender;
Old mauve;
Old rose;
Olive;
Olivine;
Onyx;
Opera mauve;
Orange;
Orange peel;
Orange-red;
Orchid;
Otter brown;
Outer Space;
Outrageous Orange;
Oxford Blue;
OU Crimson Red;
Pakistan green;
Palatinate blue;
Palatinate purple;
Pale aqua;
Pale blue;
Pale brown;
Pale carmine;
Pale cerulean;
Pale chestnut;
Pale copper;
Pale cornflower blue;
Pale gold;
Pale goldenrod;
Pale green;
Pale lavender;
Pale magenta;
Pale pink;
Pale plum;
Pale red-violet;
Pale robin egg blue;
Pale silver;
Pale spring bud;
Pale taupe;
Pale violet-red;
Pansy purple;
Papaya whip;
Paris Green;
Pastel blue;
Pastel brown;
Pastel gray;
Pastel green;
Pastel magenta;
Pastel orange;
Pastel pink;
Pastel purple;
Pastel red;
Pastel violet;
Pastel yellow;
Patriarch;
Payne's grey;
Peach;
Peach-orange;
Peach puff;
Peach-yellow;
Pear;
Pearl;
Pearl Aqua;
Pearly purple;
Peridot;
Periwinkle;
Persian blue;
Persian green;
Persian indigo;
Persian orange;
Persian pink;
Persian plum;
Persian red;
Persian rose;
Persimmon;
Peru;
Phlox;
Phthalo blue;
Phthalo green;
Piggy pink;
Pine green;
Pink;
Pink lace;
Pink pearl;
Pink Sherbet;
Pistachio;
Platinum;
Plum;
Portland Orange;
Princeton orange;
Prune;
Prussian blue;
Psychedelic purple;
Puce;
Pumpkin;
Purple;
Purple Heart;
Purple mountain majesty;
Purple pizzazz;
Purple taupe;
Quartz;
Rackley;
Radical Red;
Rajah;
Raspberry;
Raspberry glace;
Raspberry pink;
Raspberry rose;
Raw umber;
Razzle dazzle rose;
Razzmatazz;
Red;
Redwood;
Regalia;
Resolution blue;
Rich black;
Rich brilliant lavender;
Rich carmine;
Rich electric blue;
Rich lavender;
Rich lilac;
Rich maroon;
Rifle green;
Robin egg blue;
Rose;
Rose bonbon;
Rose ebony;
Rose gold;
Rose madder;
Rose pink;
Rose quartz;
Rose taupe;
Rose vale;
Rosewood;
Rosso corsa;
Rosy brown;
Royal azure;
Royal blue;
Royal fuchsia;
Royal purple;
Royal yellow;
Rubine red;
Ruby;
Ruby red;
Ruddy;
Ruddy brown;
Ruddy pink;
Rufous;
Russet;
Rust;
Rusty red;
Sacramento State green;
Saddle brown;
Safety orange;
Saffron;
St. Patrick's blue;
Salmon;
Salmon pink;
Sand;
Sand dune;
Sandstorm;
Sandy brown;
Sandy taupe;
Sangria;
Sap green;
Sapphire;
Sapphire blue;
Satin sheen gold;
Scarlet;
Scarlet;
School bus yellow;
Screamin' Green;
Sea blue;
Sea green;
Seal brown;
Seashell;
Selective yellow;
Sepia;
Shadow;
Shamrock green;
Shocking pink;
Shocking pink;
Sienna;
Silver;
Sinopia;
Skobeloff;
Sky blue;
Sky magenta;
Slate blue;
Slate gray;
Smalt;
Smokey topaz;
Smoky black;
Snow;
Spiro Disco Ball;
Spring bud;
Spring green;
Steel blue;
Stil de grain yellow;
Stizza;
Stormcloud;
Straw;
Sunglow;
Sunset;
Tan;
Tangelo;
Tangerine;
Tangerine yellow;
Tango pink;
Taupe;
Taupe gray;
Tea green;
Tea rose;
Teal;
Teal blue;
Teal green;
Telemagenta;
Terra cotta;
Thistle;
Thulian pink;
Tickle Me Pink;
Tiffany Blue;
Tiger's eye;
Timberwolf;
Titanium yellow;
Tomato;
Toolbox;
Topaz;
Tractor red;
Trolley Grey;
Tropical rain forest;
True Blue;
Tufts Blue;
Tumbleweed;
Turkish rose;
Turquoise;
Turquoise blue;
Turquoise green;
Tuscan red;
Twilight lavender;
Tyrian purple;
UA blue;
UA red;
Ube;
UCLA Blue;
UCLA Gold;
UFO Green;
Ultramarine;
Ultramarine blue;
Ultra pink;
Umber;
Unbleached silk;
Unmellow Yellow;
UP Forest green;
UP Maroon;
Upsdell red;
Urobilin;
USAFA blue;
USC Cardinal;
USC Gold;
Utah Crimson;
Vanilla;
Vegas gold;
Venetian red;
Verdigris;
Veronica;
Violet;
Violet-blue;
Viridian;
Vivid auburn;
Vivid burgundy;
Vivid cerise;
Vivid tangerine;
Vivid violet;
Warm black;
Waterspout;
Wenge;
Wheat;
White;
White smoke;
Wild blue yonder;
Wild Strawberry;
Wild Watermelon;
Wine;
Wine dregs;
Wisteria;
Wood brown;
Yale Blue;
Yellow;
Yellow-green;
Yellow Orange;
