zwfc3vpzmgisixw,,
mbe36khp6twcn5t,,
d4qtfsn4raj9237,,
wngbqkw792y6dk9,,
6ycurrmducmdkme,,
ri38trtqw2qu73f,,
f8ds34ingcz3pjp,,
4b85i2ubqqcejhg,,
yxnbpqd7ctibv7v,,
j97rdpr7yfvaues,,
bdqyndn2jyu3ap9,,
69hbyuzqzx6v8za,,
zamq8a3uamt5p4t,,
x82eiy8hp8ft4ns,,
dm2zb99d4izvmnx,,
ej6fypd763dkug8,,
mtuns6v2hxiht66,,
rjqwynjctqd7a7n,,
htfbf8fb8x8qe2v,,
jre9mcw6nqvzv57,,
hmyxwe5cpb9v2nw,,
v7m9f8jbd7z87vc,,
cdxbatpd6cpe8p2,,
4j8ptnwcx9ixfps,,
s26pbehysmafzg5,,
2jp98gv4ttcbrsz,,
ii2n8b2patbi9bz,,
cci2krggu9a6jzw,,
ihej5mu6a4xkm6w,,
mh96htwx9q7huqh,,
r9y5s3qm7zq5kc9,,
hyqq47iy5rpa9hz,,
q89pc2r3nx3c2nn,,
95kxup5cn84bhbt,,
g22qpdrffdcgpc5,,
cj9xh3mkd9sfj9r,,
dqsdffr6v6h7m7h,,
qh3xfiz24cavst5,,
h7u9j9padifvp22,,
7ri8pxrnyuz8pr2,,
t87mgru6z8nf3cg,,
4h7kqvigigahpy9,,
prgvcwk72kdp2fz,,
ghhn38hkn22whpv,,
qdk79x3u44fgrfw,,
rvd8hfezz3z2yhq,,
t83edbbf5eiivay,,
rzt48bimbhnaiks,,
8dy9scj4snga7ci,,
53hx6q8nbh6xsni,,